CustomerID,CustomerName,Region,Segment,JoinDate
C0001,Summit Consulting Inc,West,Enterprise,2022-03-20
C0002,Northwind Partners Inc,East,Enterprise,2020-12-17
C0003,Riverdale Business Holdings,North,Enterprise,2021-09-28
C0004,Metro Digital Partners,North,Small Business,2024-10-13
C0005,Oakwood Analytics Group,West,Small Business,2024-03-14
C0006,Oakwood Enterprises Partners,South,Small Business,2024-10-01
C0007,Lakeside Analytics Partners,North,Small Business,2020-08-29
C0008,Sterling Data Ltd,West,Corporate,2020-09-25
C0009,Westbrook Global Ltd,North,Enterprise,2021-10-12
C0010,Harbor Data Holdings,East,Enterprise,2022-03-22
C0011,Sunridge Digital Ltd,East,Small Business,2020-01-05
C0012,Northwind Digital Co,West,Small Business,2020-10-17
C0013,Silverline Business Group,East,Small Business,2024-09-06
C0014,Sterling Digital Partners,East,Small Business,2022-12-28
C0015,Summit Digital Partners,West,Corporate,2023-05-15
C0016,Crescent Solutions Holdings,North,Small Business,2021-10-29
C0017,Lakeside Global Group,North,Enterprise,2023-04-10
C0018,Atlas Consulting Holdings,South,Corporate,2021-02-02
C0019,Horizon Partners Group,East,Enterprise,2020-02-10
C0020,Vertex Tech Holdings,North,Small Business,2022-12-09
C0021,Northwind Enterprises Holdings,North,Enterprise,2020-08-11
C0022,Bluewave Consulting Inc,East,Small Business,2020-08-28
C0023,Vertex Group Ltd,East,Small Business,2022-10-23
C0024,Vertex Analytics Co,West,Small Business,2020-06-19
C0025,Crescent Analytics Partners,East,Small Business,2022-12-16
C0026,Oakwood Data Group,West,Corporate,2024-01-10
C0027,Harbor Enterprises Ltd,East,Enterprise,2022-05-14
C0028,Horizon Enterprises Inc,East,Enterprise,2022-09-03
C0029,Sunridge Partners Ltd,East,Enterprise,2022-02-24
C0030,Lakeside Group Group,East,Small Business,2025-02-11
C0031,Horizon Enterprises Group,South,Small Business,2025-01-10
C0032,Sterling Digital Co,North,Small Business,2024-09-07
C0033,Pinnacle Systems Inc,East,Small Business,2020-10-01
C0034,Silverline Systems Inc,East,Small Business,2023-05-15
C0035,Bluewave Data Inc,North,Corporate,2024-11-12
C0036,Oakwood Global Partners,West,Corporate,2022-05-08
C0037,Bluewave Data Group,North,Small Business,2023-03-24
C0038,Sunridge Group Group,East,Enterprise,2023-10-07
C0039,Greenfield Digital Ltd,South,Enterprise,2022-04-29
C0040,Harbor Digital Holdings,West,Small Business,2024-06-09
C0041,Sunridge Digital Co,East,Small Business,2024-01-19
C0042,Everest Systems Co,West,Small Business,2021-08-02
C0043,Lakeside Solutions Partners,West,Corporate,2021-12-09
C0044,Sterling Digital Group,South,Small Business,2021-02-13
C0045,Bluewave Tech Ltd,East,Enterprise,2025-01-02
C0046,Northwind Consulting Co,South,Small Business,2020-07-06
C0047,Greenfield Analytics Group,South,Enterprise,2023-11-10
C0048,Sterling Data Co,South,Enterprise,2020-03-22
C0049,Northwind Solutions Holdings,West,Small Business,2021-04-02
C0050,Sterling Group Group,East,Corporate,2020-10-08
C0051,Metro Group Ltd,North,Small Business,2022-10-21
C0052,Westbrook Enterprises Group,East,Corporate,2020-01-25
C0053,Crescent Group Holdings,North,Enterprise,2022-01-16
C0054,Prime Enterprises Group,South,Corporate,2023-07-15
C0055,Atlas Group Group,North,Small Business,2022-04-05
C0056,Silverline Business Ltd,East,Small Business,2024-11-04
C0057,Silverline Enterprises Inc,East,Small Business,2022-09-28
C0058,Prime Business Partners,North,Enterprise,2021-01-14
C0059,Bluewave Solutions Group,South,Corporate,2021-12-11
C0060,Oakwood Digital Group,North,Enterprise,2021-05-13
C0061,Greenfield Global Partners,North,Small Business,2021-04-30
C0062,Horizon Solutions Ltd,South,Small Business,2024-07-22
C0063,Sunridge Group Partners,West,Small Business,2024-02-01
C0064,Greenfield Global Inc,South,Small Business,2024-01-08
C0065,Silverline Tech Group,East,Small Business,2024-06-08
C0066,Bluewave Tech Group,South,Enterprise,2024-11-19
C0067,Horizon Solutions Partners,South,Small Business,2024-02-05
C0068,Vertex Solutions Co,North,Enterprise,2020-05-28
C0069,Harbor Group Co,North,Small Business,2021-07-08
C0070,Pinnacle Business Group,West,Small Business,2023-01-08
C0071,Northwind Consulting Group,East,Small Business,2021-01-10
C0072,Summit Partners Holdings,East,Corporate,2020-03-14
C0073,Metro Business Holdings,North,Enterprise,2022-04-13
C0074,Crescent Systems Inc,West,Small Business,2022-06-29
C0075,Metro Partners Group,North,Corporate,2025-02-14
C0076,Lakeside Tech Ltd,North,Corporate,2021-10-13
C0077,Greenfield Group Partners,South,Enterprise,2022-11-26
C0078,Horizon Group Inc,North,Small Business,2023-02-01
C0079,Summit Analytics Ltd,East,Small Business,2024-05-08
C0080,Northwind Analytics Co,South,Corporate,2020-04-12
C0081,Greenfield Group Group,East,Small Business,2021-04-30
C0082,Harbor Global Co,West,Small Business,2022-05-16
C0083,Northwind Group Co,East,Small Business,2022-11-19
C0084,Harbor Partners Inc,South,Enterprise,2020-03-06
C0085,Pinnacle Digital Co,North,Corporate,2023-06-05
C0086,Silverline Digital Ltd,East,Small Business,2024-05-09
C0087,Pinnacle Partners Inc,West,Small Business,2023-02-26
C0088,Metro Tech Inc,West,Corporate,2024-04-08
C0089,Pinnacle Solutions Co,North,Small Business,2024-08-06
C0090,Vertex Digital Inc,East,Small Business,2022-07-17
C0091,Northwind Data Holdings,East,Small Business,2022-06-21
C0092,Riverdale Partners Co,West,Corporate,2021-12-09
C0093,Sunridge Consulting Group,East,Enterprise,2020-06-12
C0094,Sterling Tech Partners,South,Small Business,2021-01-16
C0095,Metro Analytics Group,West,Small Business,2021-10-27
C0096,Oakwood Enterprises Inc,North,Corporate,2020-01-17
C0097,Horizon Business Group,East,Small Business,2024-09-21
C0098,Bluewave Data Partners,West,Corporate,2025-02-07
C0099,Riverdale Global Ltd,South,Small Business,2023-04-01
C0100,Harbor Consulting Group,West,Enterprise,2020-03-23
C0101,Westbrook Partners Inc,North,Corporate,2024-12-25
C0102,Everest Systems Partners,South,Corporate,2021-01-05
C0103,Sterling Analytics Partners,North,Enterprise,2023-09-07
C0104,Pinnacle Data Partners,North,Small Business,2024-01-16
C0105,Pinnacle Partners Co,West,Corporate,2023-08-06
C0106,Sunridge Data Inc,West,Enterprise,2021-12-13
C0107,Atlas Digital Group,South,Small Business,2020-06-22
C0108,Sterling Systems Partners,West,Enterprise,2020-12-22
C0109,Atlas Partners Holdings,South,Corporate,2023-05-15
C0110,Silverline Group Ltd,West,Small Business,2024-02-14
C0111,Westbrook Data Co,East,Small Business,2020-10-23
C0112,Summit Analytics Group,East,Enterprise,2024-06-05
C0113,Everest Group Co,South,Corporate,2022-05-06
C0114,Westbrook Data Holdings,West,Enterprise,2020-11-02
C0115,Vertex Digital Co,South,Enterprise,2022-01-11
C0116,Atlas Partners Inc,South,Small Business,2023-08-18
C0117,Northwind Digital Holdings,South,Small Business,2021-06-09
C0118,Lakeside Group Co,North,Corporate,2023-02-25
C0119,Atlas Analytics Partners,North,Corporate,2022-11-26
C0120,Metro Tech Partners,North,Corporate,2023-04-28
C0121,Everest Tech Ltd,West,Small Business,2022-04-02
C0122,Riverdale Data Partners,South,Corporate,2022-05-09
C0123,Sterling Global Inc,West,Enterprise,2025-01-01
C0124,Pinnacle Business Inc,West,Small Business,2021-02-28
C0125,Bluewave Digital Inc,South,Corporate,2022-11-17
C0126,Sterling Consulting Holdings,West,Corporate,2021-12-29
C0127,Sunridge Partners Holdings,South,Corporate,2023-11-29
C0128,Horizon Partners Inc,North,Small Business,2021-10-31
C0129,Silverline Data Co,South,Small Business,2022-01-29
C0130,Horizon Partners Co,North,Small Business,2024-12-04
C0131,Prime Group Group,South,Corporate,2022-01-21
C0132,Harbor Business Inc,East,Enterprise,2022-02-13
C0133,Westbrook Tech Co,East,Enterprise,2022-08-22
C0134,Horizon Digital Co,East,Enterprise,2023-08-02
C0135,Silverline Global Group,South,Small Business,2021-01-26
C0136,Summit Tech Partners,East,Corporate,2020-08-13
C0137,Lakeside Analytics Holdings,West,Small Business,2020-02-16
C0138,Lakeside Analytics Ltd,South,Small Business,2024-09-23
C0139,Bluewave Data Holdings,West,Enterprise,2023-09-10
C0140,Lakeside Business Partners,South,Enterprise,2020-07-18
C0141,Silverline Solutions Partners,West,Corporate,2024-08-10
C0142,Harbor Systems Co,West,Enterprise,2021-03-15
C0143,Lakeside Enterprises Co,North,Small Business,2025-02-28
C0144,Harbor Global Holdings,East,Corporate,2021-08-15
C0145,Lakeside Digital Inc,South,Small Business,2023-06-16
C0146,Summit Business Holdings,South,Enterprise,2021-02-23
C0147,Horizon Digital Group,East,Corporate,2022-11-11
C0148,Silverline Business Partners,East,Small Business,2024-04-10
C0149,Everest Analytics Co,South,Enterprise,2024-03-17
C0150,Metro Global Group,South,Small Business,2023-10-31
C0151,Metro Global Holdings,West,Enterprise,2021-12-13
C0152,Lakeside Partners Inc,North,Small Business,2023-01-04
C0153,Harbor Solutions Holdings,West,Small Business,2023-11-16
C0154,Greenfield Enterprises Partners,East,Enterprise,2022-01-08
C0155,Atlas Consulting Group,North,Corporate,2021-01-01
C0156,Riverdale Tech Ltd,East,Enterprise,2022-11-01
C0157,Pinnacle Consulting Inc,South,Corporate,2023-05-02
C0158,Lakeside Systems Group,East,Small Business,2022-06-02
C0159,Harbor Business Holdings,West,Small Business,2021-08-09
C0160,Prime Business Holdings,North,Small Business,2022-12-28
C0161,Crescent Partners Holdings,West,Enterprise,2023-05-12
C0162,Pinnacle Systems Partners,West,Small Business,2020-10-09
C0163,Crescent Solutions Co,North,Corporate,2022-12-14
C0164,Northwind Solutions Ltd,South,Small Business,2020-10-13
C0165,Westbrook Global Inc,South,Enterprise,2022-07-02
C0166,Prime Digital Co,North,Corporate,2023-04-12
C0167,Sunridge Digital Group,North,Small Business,2021-01-31
C0168,Crescent Tech Co,East,Enterprise,2020-10-12
C0169,Riverdale Global Co,East,Small Business,2020-12-23
C0170,Sunridge Analytics Holdings,East,Small Business,2024-07-27
C0171,Northwind Group Holdings,South,Enterprise,2021-01-05
C0172,Riverdale Analytics Partners,West,Enterprise,2021-01-31
C0173,Crescent Consulting Holdings,North,Enterprise,2020-09-07
C0174,Crescent Enterprises Partners,North,Enterprise,2020-01-30
C0175,Summit Tech Co,North,Corporate,2020-07-27
C0176,Oakwood Partners Co,East,Corporate,2021-10-03
C0177,Sterling Group Partners,South,Enterprise,2021-09-09
C0178,Summit Business Partners,East,Small Business,2024-10-16
C0179,Lakeside Solutions Holdings,South,Enterprise,2020-01-22
C0180,Silverline Partners Holdings,North,Small Business,2020-05-23
C0181,Summit Analytics Co,East,Small Business,2024-10-06
C0182,Lakeside Tech Partners,West,Corporate,2024-06-20
C0183,Oakwood Data Holdings,East,Corporate,2020-03-12
C0184,Harbor Group Partners,East,Corporate,2023-05-08
C0185,Lakeside Analytics Group,East,Small Business,2020-05-17
C0186,Horizon Systems Holdings,West,Corporate,2024-07-04
C0187,Westbrook Consulting Partners,East,Enterprise,2024-10-14
C0188,Sunridge Enterprises Partners,West,Corporate,2020-09-21
C0189,Metro Enterprises Co,South,Enterprise,2020-08-20
C0190,Westbrook Digital Holdings,West,Small Business,2023-02-25
C0191,Silverline Digital Inc,North,Enterprise,2023-11-19
C0192,Crescent Global Ltd,West,Small Business,2024-09-30
C0193,Harbor Business Ltd,North,Enterprise,2020-05-20
C0194,Atlas Enterprises Group,East,Enterprise,2021-03-02
C0195,Oakwood Consulting Ltd,East,Corporate,2022-08-07
C0196,Pinnacle Digital Partners,South,Corporate,2022-08-20
C0197,Bluewave Digital Holdings,West,Small Business,2025-02-14
C0198,Lakeside Tech Group,North,Corporate,2020-12-31
C0199,Westbrook Consulting Holdings,South,Small Business,2021-07-06
C0200,Bluewave Global Partners,East,Enterprise,2022-01-18
C0201,Harbor Data Co,South,Corporate,2024-01-08
C0202,Sunridge Enterprises Co,East,Enterprise,2024-09-27
C0203,Sterling Data Partners,East,Corporate,2022-08-17
C0204,Riverdale Systems Group,West,Enterprise,2020-11-26
C0205,Riverdale Systems Co,North,Small Business,2020-02-02
C0206,Vertex Group Group,North,Corporate,2022-05-30
C0207,Everest Tech Group,South,Enterprise,2023-11-24
C0208,Lakeside Partners Co,West,Corporate,2020-03-15
C0209,Northwind Data Ltd,East,Enterprise,2020-09-19
C0210,Horizon Global Group,South,Corporate,2024-04-21
C0211,Sunridge Solutions Co,East,Small Business,2024-07-28
C0212,Metro Global Ltd,South,Small Business,2021-01-10
C0213,Northwind Business Group,West,Corporate,2024-03-25
C0214,Oakwood Data Partners,North,Small Business,2020-06-05
C0215,Greenfield Tech Holdings,East,Enterprise,2022-07-17
C0216,Harbor Enterprises Co,West,Corporate,2024-07-07
C0217,Summit Global Inc,South,Small Business,2023-06-17
C0218,Summit Solutions Holdings,South,Small Business,2022-03-05
C0219,Horizon Enterprises Partners,East,Corporate,2021-07-16
C0220,Sunridge Partners Partners,South,Corporate,2024-09-11
C0221,Northwind Partners Holdings,East,Corporate,2022-08-02
C0222,Horizon Consulting Ltd,South,Small Business,2021-03-13
C0223,Riverdale Systems Ltd,East,Corporate,2021-06-04
C0224,Greenfield Business Ltd,East,Corporate,2024-01-14
C0225,Everest Data Co,West,Small Business,2022-07-04
C0226,Northwind Tech Inc,East,Enterprise,2023-06-02
C0227,Crescent Data Co,North,Enterprise,2024-09-12
C0228,Silverline Data Group,North,Enterprise,2021-02-13
C0229,Everest Solutions Holdings,West,Corporate,2023-12-09
C0230,Sterling Consulting Inc,East,Enterprise,2021-03-21
C0231,Crescent Analytics Ltd,West,Enterprise,2020-12-31
C0232,Northwind Global Holdings,East,Corporate,2021-06-25
C0233,Summit Business Ltd,East,Small Business,2021-04-22
C0234,Northwind Digital Inc,North,Small Business,2020-07-10
C0235,Metro Business Group,South,Small Business,2023-01-23
C0236,Harbor Partners Ltd,East,Enterprise,2020-03-11
C0237,Summit Systems Partners,West,Corporate,2022-09-09
C0238,Horizon Partners Ltd,North,Corporate,2024-02-08
C0239,Riverdale Analytics Holdings,East,Corporate,2024-06-21
C0240,Everest Tech Co,South,Corporate,2021-12-09
C0241,Riverdale Business Ltd,North,Enterprise,2020-05-23
C0242,Sunridge Group Holdings,South,Small Business,2021-09-27
C0243,Oakwood Solutions Holdings,South,Small Business,2024-07-28
C0244,Summit Solutions Group,East,Corporate,2021-01-31
C0245,Northwind Partners Co,East,Enterprise,2021-06-04
C0246,Atlas Business Group,South,Small Business,2021-06-17
C0247,Bluewave Group Co,South,Enterprise,2023-07-15
C0248,Lakeside Tech Inc,North,Enterprise,2023-10-18
C0249,Vertex Group Partners,North,Corporate,2020-09-02
C0250,Atlas Global Inc,West,Corporate,2024-04-18
C0251,Silverline Global Inc,South,Small Business,2022-04-16
C0252,Pinnacle Solutions Inc,South,Small Business,2020-11-13
C0253,Atlas Analytics Group,West,Small Business,2024-12-30
C0254,Sterling Business Group,North,Small Business,2020-12-09
C0255,Riverdale Solutions Partners,East,Corporate,2022-04-07
C0256,Prime Data Partners,East,Small Business,2024-10-24
C0257,Prime Group Co,North,Small Business,2020-12-05
C0258,Prime Partners Ltd,East,Corporate,2020-07-18
C0259,Bluewave Consulting Co,North,Small Business,2020-11-05
C0260,Bluewave Consulting Holdings,West,Enterprise,2021-09-19
C0261,Riverdale Digital Holdings,North,Corporate,2024-06-08
C0262,Vertex Data Inc,East,Small Business,2024-12-06
C0263,Crescent Tech Holdings,North,Enterprise,2024-07-25
C0264,Everest Enterprises Partners,East,Small Business,2021-11-26
C0265,Lakeside Consulting Co,North,Enterprise,2021-01-17
C0266,Riverdale Enterprises Ltd,North,Enterprise,2022-02-16
C0267,Horizon Analytics Partners,West,Enterprise,2021-03-20
C0268,Everest Partners Ltd,East,Corporate,2021-10-23
C0269,Lakeside Data Partners,North,Enterprise,2022-01-13
C0270,Lakeside Data Co,North,Enterprise,2023-11-13
C0271,Silverline Tech Inc,East,Corporate,2022-08-14
C0272,Silverline Tech Holdings,South,Small Business,2020-09-22
C0273,Sunridge Tech Group,North,Corporate,2023-02-15
C0274,Harbor Analytics Ltd,South,Corporate,2023-03-15
C0275,Lakeside Digital Co,North,Small Business,2024-01-05
C0276,Greenfield Analytics Partners,South,Enterprise,2022-02-02
C0277,Summit Global Partners,West,Corporate,2024-10-10
C0278,Horizon Digital Inc,East,Enterprise,2022-07-24
C0279,Silverline Partners Inc,West,Enterprise,2020-11-10
C0280,Sterling Digital Holdings,East,Corporate,2023-04-26
C0281,Atlas Solutions Holdings,East,Small Business,2022-12-01
C0282,Vertex Analytics Holdings,South,Small Business,2021-01-31
C0283,Sterling Enterprises Partners,East,Corporate,2023-05-31
C0284,Metro Digital Co,West,Enterprise,2021-12-27
C0285,Metro Business Partners,North,Enterprise,2021-12-14
C0286,Vertex Consulting Partners,East,Enterprise,2022-06-29
C0287,Silverline Partners Partners,East,Small Business,2020-09-02
C0288,Bluewave Analytics Ltd,North,Enterprise,2022-12-15
C0289,Bluewave Partners Co,West,Small Business,2022-09-13
C0290,Prime Digital Inc,South,Corporate,2021-07-06
C0291,Atlas Global Holdings,West,Corporate,2022-07-12
C0292,Vertex Global Ltd,West,Small Business,2024-10-28
C0293,Greenfield Data Ltd,West,Small Business,2022-05-13
C0294,Greenfield Systems Holdings,North,Corporate,2023-07-20
C0295,Sunridge Tech Co,North,Corporate,2023-02-09
C0296,Westbrook Consulting Co,West,Small Business,2023-07-05
C0297,Sterling Group Ltd,South,Enterprise,2023-12-18
C0298,Metro Group Co,North,Corporate,2025-02-09
C0299,Silverline Tech Ltd,West,Enterprise,2022-03-15
C0300,Sterling Solutions Inc,East,Corporate,2022-03-28
C0301,Summit Solutions Inc,North,Small Business,2023-08-21
C0302,Metro Enterprises Group,North,Corporate,2022-08-10
C0303,Harbor Digital Partners,West,Corporate,2021-05-15
C0304,Crescent Business Group,South,Small Business,2022-06-10
C0305,Oakwood Analytics Partners,South,Corporate,2021-11-02
C0306,Everest Consulting Partners,East,Enterprise,2020-07-21
C0307,Crescent Global Partners,South,Enterprise,2025-02-09
C0308,Everest Digital Inc,East,Small Business,2021-01-06
C0309,Pinnacle Group Ltd,North,Small Business,2022-05-28
C0310,Atlas Tech Group,West,Small Business,2020-04-30
C0311,Oakwood Partners Partners,North,Small Business,2020-01-03
C0312,Greenfield Analytics Holdings,West,Enterprise,2023-10-16
C0313,Greenfield Business Inc,North,Enterprise,2021-11-21
C0314,Northwind Group Ltd,South,Small Business,2022-04-09
C0315,Everest Group Partners,East,Enterprise,2022-03-02
C0316,Prime Analytics Group,East,Small Business,2023-02-07
C0317,Harbor Digital Ltd,North,Small Business,2020-10-14
C0318,Oakwood Enterprises Holdings,North,Corporate,2022-02-17
C0319,Pinnacle Consulting Co,West,Corporate,2020-05-15
C0320,Horizon Group Ltd,South,Small Business,2021-01-21
C0321,Oakwood Consulting Group,West,Corporate,2023-03-10
C0322,Summit Partners Ltd,North,Enterprise,2021-06-04
C0323,Northwind Solutions Co,East,Corporate,2025-01-04
C0324,Horizon Data Holdings,South,Enterprise,2022-02-14
C0325,Harbor Consulting Partners,North,Small Business,2020-05-29
C0326,Lakeside Partners Group,East,Small Business,2022-02-23
C0327,Pinnacle Solutions Group,South,Corporate,2021-11-20
C0328,Everest Data Inc,East,Corporate,2023-08-16
C0329,Bluewave Enterprises Holdings,South,Corporate,2020-10-04
C0330,Atlas Digital Ltd,East,Enterprise,2020-06-26
C0331,Everest Analytics Ltd,East,Small Business,2022-05-28
C0332,Bluewave Business Holdings,South,Corporate,2024-04-19
C0333,Westbrook Enterprises Partners,East,Corporate,2024-06-20
C0334,Lakeside Consulting Partners,East,Corporate,2020-04-03
C0335,Westbrook Data Ltd,South,Corporate,2023-02-01
C0336,Summit Solutions Co,South,Enterprise,2021-07-26
C0337,Greenfield Tech Group,West,Small Business,2024-03-25
C0338,Greenfield Consulting Holdings,West,Corporate,2022-07-26
C0339,Vertex Global Co,East,Enterprise,2023-11-08
C0340,Metro Enterprises Holdings,South,Enterprise,2022-05-24
C0341,Sunridge Systems Holdings,South,Enterprise,2023-02-11
C0342,Sterling Consulting Partners,North,Small Business,2020-04-24
C0343,Sunridge Global Group,East,Corporate,2024-04-30
C0344,Prime Consulting Ltd,East,Small Business,2020-04-12
C0345,Sterling Global Ltd,North,Small Business,2022-07-17
C0346,Pinnacle Enterprises Holdings,East,Small Business,2023-07-12
C0347,Bluewave Business Ltd,East,Small Business,2020-12-30
C0348,Oakwood Global Inc,East,Small Business,2020-11-26
C0349,Westbrook Enterprises Holdings,East,Corporate,2024-07-03
C0350,Riverdale Solutions Co,South,Enterprise,2023-08-21
C0351,Harbor Group Ltd,West,Small Business,2020-03-09
C0352,Silverline Enterprises Partners,South,Small Business,2023-03-12
C0353,Pinnacle Digital Inc,South,Corporate,2023-01-17
C0354,Silverline Systems Co,East,Enterprise,2022-05-25
C0355,Prime Solutions Holdings,South,Enterprise,2024-08-21
C0356,Harbor Enterprises Partners,East,Enterprise,2023-10-11
C0357,Prime Global Co,East,Enterprise,2023-05-18
C0358,Sunridge Data Ltd,South,Corporate,2023-04-26
C0359,Atlas Consulting Partners,North,Corporate,2022-06-13
C0360,Atlas Analytics Co,West,Enterprise,2024-09-09
C0361,Vertex Tech Partners,East,Small Business,2023-02-05
C0362,Bluewave Analytics Co,North,Corporate,2025-02-09
C0363,Northwind Digital Partners,East,Corporate,2024-08-07
C0364,Horizon Consulting Holdings,South,Corporate,2022-01-28
C0365,Pinnacle Solutions Holdings,South,Small Business,2024-03-18
C0366,Atlas Consulting Co,South,Enterprise,2022-08-17
C0367,Harbor Group Group,East,Corporate,2024-02-20
C0368,Summit Partners Inc,North,Small Business,2023-06-10
C0369,Riverdale Global Group,West,Corporate,2022-08-13
C0370,Oakwood Consulting Inc,South,Corporate,2024-03-17
C0371,Metro Tech Co,North,Corporate,2021-05-17
C0372,Vertex Business Partners,North,Small Business,2020-05-20
C0373,Greenfield Enterprises Holdings,East,Corporate,2024-06-01
C0374,Bluewave Analytics Partners,North,Small Business,2020-09-14
C0375,Oakwood Business Inc,North,Corporate,2022-03-01
C0376,Riverdale Data Group,East,Enterprise,2022-05-16
C0377,Horizon Analytics Ltd,West,Corporate,2021-04-30
C0378,Sunridge Business Group,North,Small Business,2020-03-20
C0379,Lakeside Data Inc,South,Small Business,2020-11-05
C0380,Harbor Systems Ltd,East,Enterprise,2024-12-31
C0381,Silverline Global Partners,West,Small Business,2021-10-25
C0382,Sunridge Partners Inc,South,Corporate,2022-05-21
C0383,Prime Analytics Ltd,East,Small Business,2024-01-17
C0384,Vertex Digital Ltd,East,Enterprise,2024-06-29
C0385,Crescent Digital Holdings,West,Enterprise,2023-10-25
C0386,Northwind Consulting Inc,North,Corporate,2020-06-02
C0387,Silverline Business Holdings,South,Corporate,2022-09-12
C0388,Summit Analytics Partners,East,Enterprise,2021-06-07
C0389,Oakwood Tech Co,South,Enterprise,2024-03-05
C0390,Summit Group Partners,East,Corporate,2022-12-10
C0391,Sunridge Group Inc,West,Enterprise,2025-01-06
C0392,Metro Group Partners,South,Corporate,2022-02-03
C0393,Metro Analytics Co,East,Corporate,2020-06-07
C0394,Sunridge Analytics Inc,East,Corporate,2022-06-09
C0395,Sterling Partners Holdings,West,Small Business,2024-09-11
C0396,Sterling Data Holdings,East,Small Business,2022-02-14
C0397,Pinnacle Digital Group,North,Enterprise,2024-04-29
C0398,Sterling Global Holdings,West,Enterprise,2025-01-08
C0399,Sunridge Tech Ltd,South,Enterprise,2020-07-25
C0400,Crescent Data Group,West,Corporate,2022-03-10
C0401,Westbrook Digital Co,West,Enterprise,2024-01-08
C0402,Atlas Business Inc,East,Enterprise,2020-02-13
C0403,Harbor Solutions Partners,South,Enterprise,2022-03-14
C0404,Westbrook Enterprises Inc,South,Corporate,2024-06-03
C0405,Crescent Digital Partners,West,Enterprise,2022-04-26
C0406,Bluewave Enterprises Ltd,West,Small Business,2020-10-21
C0407,Sterling Digital Inc,East,Corporate,2023-06-25
C0408,Everest Data Partners,West,Small Business,2020-07-20
C0409,Sunridge Enterprises Group,South,Small Business,2022-12-01
C0410,Greenfield Partners Holdings,West,Corporate,2021-01-12
C0411,Oakwood Digital Co,East,Corporate,2021-12-20
C0412,Lakeside Consulting Holdings,West,Corporate,2021-06-13
C0413,Bluewave Business Partners,North,Enterprise,2021-08-16
C0414,Prime Business Ltd,North,Corporate,2020-09-05
C0415,Riverdale Digital Co,South,Corporate,2021-01-02
C0416,Pinnacle Tech Co,East,Enterprise,2021-01-04
C0417,Greenfield Tech Co,North,Corporate,2023-06-28
C0418,Summit Digital Co,West,Small Business,2024-06-12
C0419,Vertex Solutions Ltd,North,Corporate,2022-10-25
C0420,Vertex Data Ltd,East,Small Business,2024-07-21
C0421,Summit Global Ltd,North,Corporate,2023-12-04
C0422,Metro Group Holdings,South,Enterprise,2021-12-16
C0423,Silverline Group Co,West,Enterprise,2020-09-04
C0424,Summit Global Co,North,Small Business,2022-12-06
C0425,Lakeside Group Ltd,South,Enterprise,2022-06-18
C0426,Prime Global Inc,North,Corporate,2020-07-04
C0427,Pinnacle Data Inc,East,Corporate,2022-12-06
C0428,Everest Solutions Inc,South,Corporate,2020-05-26
C0429,Vertex Systems Inc,North,Corporate,2024-05-31
C0430,Pinnacle Tech Group,South,Small Business,2020-07-31
C0431,Prime Partners Partners,West,Corporate,2024-08-22
C0432,Silverline Group Group,West,Small Business,2021-12-09
C0433,Northwind Global Partners,East,Corporate,2024-02-18
C0434,Sunridge Systems Inc,West,Enterprise,2024-05-26
C0435,Westbrook Analytics Inc,North,Small Business,2021-07-31
C0436,Riverdale Data Inc,West,Enterprise,2021-09-08
C0437,Horizon Business Partners,South,Enterprise,2023-05-14
C0438,Summit Enterprises Holdings,North,Enterprise,2020-08-05
C0439,Metro Group Inc,North,Small Business,2020-08-18
C0440,Westbrook Group Ltd,East,Small Business,2023-11-17
C0441,Westbrook Group Partners,West,Enterprise,2025-02-01
C0442,Everest Enterprises Ltd,West,Small Business,2023-03-05
C0443,Westbrook Global Partners,South,Corporate,2024-01-21
C0444,Sterling Systems Group,West,Corporate,2020-12-28
C0445,Bluewave Solutions Partners,South,Small Business,2020-12-12
C0446,Vertex Business Co,South,Corporate,2024-12-30
C0447,Vertex Digital Holdings,East,Enterprise,2023-10-13
C0448,Horizon Digital Ltd,West,Corporate,2021-10-13
C0449,Sterling Solutions Co,North,Small Business,2021-09-24
C0450,Greenfield Enterprises Group,South,Corporate,2024-11-19
C0451,Prime Data Co,South,Enterprise,2023-07-02
C0452,Westbrook Analytics Holdings,South,Enterprise,2020-07-24
C0453,Sunridge Systems Partners,East,Small Business,2022-09-23
C0454,Atlas Data Holdings,West,Small Business,2022-04-26
C0455,Summit Systems Holdings,South,Small Business,2021-05-12
C0456,Horizon Data Group,East,Corporate,2022-07-23
C0457,Vertex Tech Group,East,Corporate,2022-05-04
C0458,Sterling Global Partners,North,Enterprise,2024-03-19
C0459,Crescent Systems Partners,South,Enterprise,2025-01-31
C0460,Summit Consulting Co,East,Enterprise,2024-03-24
C0461,Silverline Systems Holdings,West,Enterprise,2020-06-09
C0462,Horizon Business Inc,East,Small Business,2024-02-21
C0463,Silverline Global Holdings,East,Enterprise,2022-08-21
C0464,Vertex Tech Inc,West,Small Business,2022-10-16
C0465,Horizon Tech Partners,North,Corporate,2020-09-12
C0466,Everest Partners Group,West,Enterprise,2025-01-18
C0467,Sterling Global Co,North,Small Business,2020-12-20
C0468,Summit Digital Inc,West,Corporate,2020-08-05
C0469,Riverdale Enterprises Inc,North,Corporate,2020-12-26
C0470,Prime Systems Ltd,North,Corporate,2023-02-01
C0471,Greenfield Data Group,South,Enterprise,2020-09-06
C0472,Pinnacle Partners Ltd,West,Corporate,2022-06-17
C0473,Prime Global Holdings,South,Enterprise,2022-03-06
C0474,Harbor Tech Co,West,Small Business,2024-07-25
C0475,Everest Solutions Ltd,North,Small Business,2023-04-25
C0476,Pinnacle Enterprises Co,East,Corporate,2024-09-18
C0477,Pinnacle Group Co,North,Corporate,2024-03-03
C0478,Oakwood Global Group,West,Small Business,2020-07-03
C0479,Oakwood Global Co,North,Enterprise,2021-12-29
C0480,Northwind Analytics Partners,East,Enterprise,2022-12-11
C0481,Sunridge Group Ltd,North,Enterprise,2023-12-13
C0482,Atlas Data Co,East,Small Business,2021-02-02
C0483,Silverline Analytics Ltd,South,Corporate,2024-03-03
C0484,Metro Digital Holdings,North,Small Business,2020-01-03
C0485,Summit Enterprises Inc,West,Corporate,2024-02-19
C0486,Greenfield Consulting Inc,East,Small Business,2023-01-20
C0487,Riverdale Data Holdings,South,Corporate,2024-02-21
C0488,Pinnacle Data Co,East,Small Business,2023-09-11
C0489,Metro Enterprises Partners,West,Enterprise,2024-04-03
C0490,Oakwood Systems Inc,West,Corporate,2024-01-30
C0491,Everest Partners Inc,East,Corporate,2021-05-09
C0492,Lakeside Business Group,West,Enterprise,2021-11-16
C0493,Vertex Solutions Inc,North,Corporate,2020-08-21
C0494,Silverline Partners Group,North,Enterprise,2024-06-19
C0495,Crescent Data Holdings,North,Small Business,2021-09-06
C0496,Pinnacle Digital Ltd,East,Small Business,2024-09-30
C0497,Silverline Tech Co,West,Corporate,2024-03-06
C0498,Pinnacle Tech Partners,South,Enterprise,2020-01-03
C0499,Harbor Data Group,South,Small Business,2025-01-20
C0500,Vertex Global Partners,East,Small Business,2023-05-29
C0501,Silverline Consulting Partners,West,Enterprise,2023-08-19
C0502,Everest Group Group,South,Enterprise,2022-08-14
C0503,Crescent Group Inc,North,Small Business,2020-11-07
C0504,Harbor Consulting Co,West,Enterprise,2020-12-04
C0505,Harbor Data Inc,East,Small Business,2022-07-17
C0506,Sunridge Data Co,East,Enterprise,2023-08-23
C0507,Pinnacle Analytics Partners,North,Corporate,2021-07-14
C0508,Summit Group Inc,West,Corporate,2022-10-27
C0509,Metro Data Partners,East,Corporate,2023-05-06
C0510,Northwind Data Inc,South,Corporate,2022-05-14
C0511,Sterling Enterprises Inc,North,Enterprise,2024-08-24
C0512,Pinnacle Systems Ltd,East,Small Business,2024-08-12
C0513,Riverdale Consulting Group,East,Small Business,2020-10-16
C0514,Metro Analytics Ltd,West,Enterprise,2025-02-02
C0515,Crescent Group Ltd,West,Corporate,2022-04-13
C0516,Prime Enterprises Co,East,Corporate,2023-04-01
C0517,Silverline Data Ltd,East,Small Business,2021-09-21
C0518,Riverdale Systems Inc,North,Enterprise,2021-02-28
C0519,Harbor Systems Group,South,Small Business,2021-05-20
C0520,Pinnacle Global Partners,South,Enterprise,2021-10-07
C0521,Riverdale Group Ltd,West,Enterprise,2022-02-05
C0522,Harbor Business Partners,North,Small Business,2022-10-20
C0523,Atlas Consulting Ltd,East,Enterprise,2024-05-10
C0524,Sterling Data Group,East,Enterprise,2022-09-26
C0525,Crescent Solutions Group,North,Enterprise,2023-03-15
C0526,Harbor Partners Holdings,North,Enterprise,2021-10-05
C0527,Greenfield Data Holdings,West,Small Business,2024-04-12
C0528,Greenfield Partners Group,North,Enterprise,2022-07-18
C0529,Atlas Systems Co,West,Corporate,2024-03-26
C0530,Greenfield Data Co,North,Enterprise,2024-12-03
C0531,Westbrook Solutions Group,North,Corporate,2021-10-18
C0532,Sunridge Tech Partners,South,Enterprise,2024-07-14
C0533,Westbrook Data Inc,South,Corporate,2023-08-01
C0534,Harbor Systems Partners,East,Small Business,2020-03-25
C0535,Crescent Partners Ltd,East,Enterprise,2022-11-10
C0536,Atlas Partners Co,West,Corporate,2022-04-14
C0537,Crescent Data Ltd,East,Corporate,2024-08-16
C0538,Harbor Solutions Ltd,North,Corporate,2021-10-16
C0539,Summit Enterprises Partners,North,Enterprise,2024-09-10
C0540,Silverline Systems Partners,South,Small Business,2020-03-06
C0541,Northwind Analytics Group,South,Small Business,2022-06-18
C0542,Oakwood Group Co,North,Small Business,2024-10-26
C0543,Riverdale Solutions Holdings,East,Enterprise,2024-07-10
C0544,Riverdale Partners Partners,East,Enterprise,2023-11-05
C0545,Westbrook Business Partners,West,Enterprise,2020-11-22
C0546,Westbrook Solutions Co,South,Small Business,2021-03-12
C0547,Sunridge Data Holdings,West,Enterprise,2023-09-22
C0548,Metro Business Inc,West,Small Business,2021-01-29
C0549,Everest Digital Holdings,South,Enterprise,2021-10-20
C0550,Bluewave Digital Ltd,South,Corporate,2022-03-26
C0551,Silverline Group Holdings,West,Enterprise,2021-09-30
C0552,Vertex Global Inc,North,Corporate,2021-02-22
C0553,Northwind Enterprises Ltd,East,Enterprise,2022-06-29
C0554,Prime Group Ltd,South,Corporate,2021-07-16
C0555,Vertex Systems Holdings,East,Corporate,2024-03-25
C0556,Westbrook Analytics Partners,East,Corporate,2022-11-23
C0557,Everest Solutions Partners,East,Small Business,2022-03-25
C0558,Pinnacle Global Co,West,Corporate,2022-04-07
C0559,Horizon Tech Co,West,Enterprise,2024-01-14
C0560,Lakeside Data Holdings,South,Corporate,2022-06-13
C0561,Greenfield Group Holdings,South,Enterprise,2020-09-21
C0562,Oakwood Analytics Co,West,Enterprise,2020-07-09
C0563,Sunridge Digital Partners,West,Small Business,2021-11-28
C0564,Everest Enterprises Inc,East,Small Business,2020-04-06
C0565,Sunridge Business Holdings,West,Enterprise,2024-06-18
C0566,Bluewave Enterprises Co,West,Small Business,2020-07-12
C0567,Vertex Solutions Holdings,South,Corporate,2024-03-14
C0568,Everest Tech Inc,South,Enterprise,2024-01-27
C0569,Pinnacle Global Inc,East,Corporate,2022-09-10
C0570,Westbrook Tech Partners,West,Corporate,2022-11-16
C0571,Sunridge Digital Inc,West,Corporate,2023-08-18
C0572,Bluewave Enterprises Group,West,Corporate,2022-04-05
C0573,Riverdale Consulting Partners,East,Enterprise,2022-10-21
C0574,Silverline Data Inc,South,Corporate,2024-06-25
C0575,Harbor Digital Group,East,Corporate,2022-01-19
C0576,Westbrook Data Group,South,Corporate,2020-07-16
C0577,Everest Analytics Holdings,East,Small Business,2021-06-14
C0578,Vertex Solutions Partners,East,Enterprise,2022-12-21
C0579,Vertex Global Group,East,Enterprise,2022-07-10
C0580,Prime Systems Holdings,South,Small Business,2022-10-31
C0581,Harbor Solutions Group,South,Enterprise,2025-02-18
C0582,Riverdale Consulting Co,South,Corporate,2020-08-30
C0583,Crescent Data Inc,East,Enterprise,2023-08-13
C0584,Oakwood Digital Inc,West,Enterprise,2022-03-14
C0585,Lakeside Solutions Co,East,Corporate,2021-09-27
C0586,Westbrook Consulting Group,North,Corporate,2024-10-29
C0587,Crescent Tech Ltd,East,Small Business,2022-03-05
C0588,Bluewave Tech Co,South,Small Business,2023-09-30
C0589,Crescent Systems Co,East,Corporate,2023-01-06
C0590,Pinnacle Analytics Inc,North,Small Business,2023-12-13
C0591,Northwind Partners Ltd,West,Corporate,2021-06-30
C0592,Horizon Enterprises Co,South,Corporate,2022-09-16
C0593,Everest Global Group,West,Enterprise,2023-01-02
C0594,Lakeside Systems Holdings,West,Corporate,2022-09-13
C0595,Silverline Systems Ltd,South,Corporate,2023-04-12
C0596,Vertex Enterprises Ltd,West,Corporate,2024-04-20
C0597,Horizon Systems Co,South,Enterprise,2020-07-19
C0598,Vertex Partners Co,North,Corporate,2024-06-08
C0599,Bluewave Analytics Group,South,Corporate,2021-06-19
C0600,Crescent Partners Group,South,Small Business,2021-02-04
C0601,Northwind Analytics Ltd,North,Corporate,2023-10-24
C0602,Metro Tech Ltd,West,Enterprise,2022-10-17
C0603,Atlas Analytics Ltd,East,Corporate,2022-07-29
C0604,Riverdale Solutions Inc,East,Enterprise,2022-12-31
C0605,Riverdale Tech Inc,East,Enterprise,2023-01-03
C0606,Sterling Analytics Inc,North,Corporate,2020-01-19
C0607,Harbor Solutions Inc,South,Enterprise,2021-03-20
C0608,Atlas Business Holdings,North,Corporate,2023-10-28
C0609,Northwind Systems Co,North,Small Business,2021-02-03
C0610,Oakwood Group Group,West,Enterprise,2023-10-05
C0611,Greenfield Group Inc,North,Enterprise,2024-12-20
C0612,Prime Global Ltd,South,Enterprise,2020-07-26
C0613,Everest Business Holdings,North,Enterprise,2021-09-25
C0614,Atlas Systems Group,East,Enterprise,2022-07-07
C0615,Summit Group Group,West,Small Business,2021-05-02
C0616,Oakwood Tech Inc,West,Small Business,2022-03-20
C0617,Sterling Partners Partners,North,Small Business,2020-12-26
C0618,Vertex Enterprises Partners,East,Enterprise,2024-12-09
C0619,Summit Group Co,West,Small Business,2021-02-19
C0620,Greenfield Consulting Ltd,North,Enterprise,2023-06-16
C0621,Bluewave Group Holdings,North,Enterprise,2020-07-29
C0622,Oakwood Tech Holdings,South,Small Business,2022-10-18
C0623,Metro Consulting Partners,East,Corporate,2020-04-12
C0624,Lakeside Group Partners,North,Enterprise,2021-12-15
C0625,Silverline Consulting Holdings,North,Enterprise,2021-03-09
C0626,Bluewave Systems Co,East,Enterprise,2024-09-18
C0627,Pinnacle Consulting Ltd,East,Small Business,2021-06-19
C0628,Vertex Enterprises Inc,North,Corporate,2022-08-21
C0629,Sterling Tech Group,North,Small Business,2023-03-31
C0630,Sterling Analytics Ltd,North,Enterprise,2021-01-31
C0631,Crescent Group Co,East,Small Business,2023-05-14
C0632,Bluewave Group Ltd,West,Corporate,2023-04-16
C0633,Crescent Global Holdings,North,Corporate,2021-01-07
C0634,Atlas Enterprises Holdings,East,Enterprise,2022-03-01
C0635,Metro Global Partners,West,Enterprise,2024-02-01
C0636,Oakwood Analytics Inc,West,Enterprise,2022-08-15
C0637,Pinnacle Analytics Ltd,East,Corporate,2024-06-25
C0638,Sterling Tech Co,North,Small Business,2020-01-09
C0639,Prime Tech Co,North,Small Business,2023-05-20
C0640,Atlas Partners Partners,West,Corporate,2022-11-03
C0641,Silverline Business Inc,East,Enterprise,2020-05-12
C0642,Riverdale Partners Holdings,West,Corporate,2024-10-24
C0643,Metro Partners Co,West,Enterprise,2023-02-17
C0644,Bluewave Data Ltd,West,Enterprise,2020-11-21
C0645,Lakeside Enterprises Group,West,Enterprise,2021-02-02
C0646,Metro Global Co,South,Small Business,2022-12-23
C0647,Greenfield Analytics Ltd,North,Small Business,2022-01-25
C0648,Crescent Tech Partners,East,Corporate,2022-05-04
C0649,Northwind Tech Co,North,Corporate,2020-04-22
C0650,Harbor Analytics Partners,South,Corporate,2020-08-08
C0651,Everest Analytics Partners,West,Enterprise,2022-12-05
C0652,Crescent Analytics Inc,West,Corporate,2023-10-14
C0653,Greenfield Enterprises Inc,North,Enterprise,2021-11-14
C0654,Lakeside Enterprises Partners,West,Small Business,2020-06-13
C0655,Westbrook Systems Partners,West,Enterprise,2023-05-31
C0656,Lakeside Group Holdings,South,Enterprise,2023-03-15
C0657,Bluewave Consulting Partners,East,Corporate,2020-08-06
C0658,Crescent Global Co,North,Small Business,2021-04-05
C0659,Pinnacle Business Holdings,South,Enterprise,2023-12-04
C0660,Atlas Data Partners,West,Small Business,2020-03-22
C0661,Crescent Tech Group,East,Enterprise,2022-03-27
C0662,Sterling Business Partners,East,Corporate,2024-06-05
C0663,Atlas Digital Partners,South,Enterprise,2023-06-29
C0664,Summit Business Group,South,Enterprise,2024-07-09
C0665,Oakwood Solutions Group,South,Enterprise,2023-11-24
C0666,Pinnacle Partners Partners,North,Small Business,2022-10-05
C0667,Riverdale Enterprises Co,North,Enterprise,2021-08-26
C0668,Everest Enterprises Holdings,North,Enterprise,2024-10-24
C0669,Summit Systems Group,East,Enterprise,2022-11-20
C0670,Oakwood Group Ltd,North,Corporate,2022-09-01
C0671,Prime Partners Group,North,Enterprise,2022-08-26
C0672,Sunridge Consulting Holdings,East,Enterprise,2020-02-26
C0673,Horizon Tech Holdings,South,Small Business,2024-12-16
C0674,Westbrook Global Group,East,Enterprise,2022-02-03
C0675,Everest Solutions Group,West,Corporate,2020-04-18
C0676,Crescent Consulting Inc,South,Enterprise,2020-05-12
C0677,Atlas Tech Holdings,West,Corporate,2020-08-23
C0678,Vertex Group Inc,North,Small Business,2020-12-14
C0679,Metro Consulting Co,East,Enterprise,2021-07-21
C0680,Silverline Solutions Co,North,Corporate,2023-07-01
C0681,Prime Solutions Partners,North,Enterprise,2020-09-11
C0682,Everest Global Holdings,North,Small Business,2021-03-26
C0683,Pinnacle Enterprises Partners,North,Corporate,2022-09-03
C0684,Sunridge Analytics Group,North,Enterprise,2023-05-03
C0685,Bluewave Consulting Group,West,Small Business,2021-02-19
C0686,Crescent Systems Ltd,South,Corporate,2022-09-20
C0687,Pinnacle Enterprises Inc,North,Small Business,2022-10-13
C0688,Atlas Group Inc,North,Corporate,2023-02-07
C0689,Atlas Data Ltd,South,Enterprise,2023-03-30
C0690,Sterling Systems Inc,South,Small Business,2024-05-04
C0691,Metro Analytics Inc,South,Enterprise,2022-01-31
C0692,Everest Partners Partners,South,Enterprise,2020-02-02
C0693,Horizon Global Ltd,North,Small Business,2021-01-07
C0694,Harbor Analytics Co,South,Corporate,2023-11-27
C0695,Northwind Data Co,South,Enterprise,2025-01-14
C0696,Westbrook Systems Holdings,West,Enterprise,2023-01-23
C0697,Harbor Consulting Ltd,North,Small Business,2022-09-19
C0698,Vertex Analytics Ltd,South,Corporate,2020-08-30
C0699,Vertex Analytics Inc,South,Corporate,2024-04-28
C0700,Riverdale Data Ltd,West,Corporate,2021-04-21
C0701,Lakeside Enterprises Ltd,South,Small Business,2024-07-26
C0702,Summit Consulting Group,East,Small Business,2020-06-14
C0703,Northwind Enterprises Group,North,Corporate,2023-02-03
C0704,Crescent Business Co,West,Enterprise,2024-08-02
C0705,Everest Business Inc,East,Enterprise,2024-09-21
C0706,Prime Digital Holdings,East,Corporate,2024-06-22
C0707,Greenfield Solutions Partners,West,Corporate,2024-05-27
C0708,Sterling Business Inc,South,Corporate,2024-05-31
C0709,Silverline Analytics Holdings,South,Enterprise,2022-09-12
C0710,Metro Business Co,West,Enterprise,2023-07-28
C0711,Westbrook Tech Holdings,West,Enterprise,2024-01-13
C0712,Westbrook Group Inc,North,Small Business,2022-04-28
C0713,Northwind Business Ltd,North,Small Business,2020-01-06
C0714,Greenfield Analytics Inc,East,Enterprise,2023-04-20
C0715,Westbrook Partners Partners,North,Corporate,2022-02-27
C0716,Prime Consulting Group,East,Corporate,2020-04-06
C0717,Harbor Tech Group,North,Enterprise,2021-04-04
C0718,Metro Enterprises Ltd,South,Enterprise,2022-03-29
C0719,Lakeside Global Ltd,East,Enterprise,2024-01-05
C0720,Bluewave Solutions Holdings,West,Small Business,2020-09-04
C0721,Northwind Consulting Holdings,South,Small Business,2022-10-03
C0722,Vertex Data Group,East,Small Business,2023-01-17
C0723,Sterling Group Inc,East,Enterprise,2022-04-08
C0724,Greenfield Business Group,East,Small Business,2021-01-05
C0725,Atlas Analytics Inc,East,Corporate,2023-09-12
C0726,Vertex Consulting Co,South,Enterprise,2022-09-29
C0727,Greenfield Partners Inc,West,Small Business,2024-04-25
C0728,Summit Tech Group,East,Enterprise,2022-09-06
C0729,Metro Analytics Holdings,North,Small Business,2023-10-09
C0730,Silverline Partners Co,South,Small Business,2020-06-29
C0731,Vertex Systems Co,South,Enterprise,2022-08-08
C0732,Crescent Digital Inc,North,Corporate,2022-03-19
C0733,Atlas Consulting Inc,West,Small Business,2024-02-12
C0734,Westbrook Group Holdings,North,Enterprise,2020-11-05
C0735,Lakeside Consulting Ltd,East,Enterprise,2024-01-12
C0736,Metro Data Group,East,Corporate,2022-10-12
C0737,Northwind Analytics Inc,South,Enterprise,2024-10-13
C0738,Bluewave Group Inc,West,Small Business,2024-03-13
C0739,Lakeside Data Group,North,Corporate,2020-12-11
C0740,Sunridge Analytics Partners,North,Small Business,2021-06-22
C0741,Summit Solutions Ltd,West,Small Business,2020-05-21
C0742,Summit Consulting Holdings,North,Small Business,2022-11-05
C0743,Metro Tech Group,West,Enterprise,2022-12-08
C0744,Riverdale Group Co,South,Enterprise,2021-02-02
C0745,Sterling Group Holdings,North,Corporate,2022-08-13
C0746,Crescent Solutions Ltd,North,Enterprise,2020-12-16
C0747,Everest Data Group,North,Enterprise,2021-07-27
C0748,Oakwood Systems Co,North,Small Business,2023-11-04
C0749,Pinnacle Analytics Co,North,Corporate,2025-01-04
C0750,Westbrook Partners Ltd,South,Small Business,2020-11-16
C0751,Prime Global Group,North,Corporate,2024-10-19
C0752,Sunridge Solutions Holdings,West,Corporate,2022-04-09
C0753,Northwind Tech Partners,South,Enterprise,2023-04-14
C0754,Sunridge Digital Holdings,South,Small Business,2020-06-22
C0755,Crescent Digital Ltd,South,Small Business,2024-06-10
C0756,Sterling Tech Holdings,South,Corporate,2021-10-22
C0757,Crescent Partners Inc,West,Corporate,2025-02-26
C0758,Westbrook Business Inc,East,Enterprise,2023-08-03
C0759,Bluewave Group Group,West,Corporate,2023-03-21
C0760,Harbor Partners Co,North,Small Business,2022-09-29
C0761,Atlas Solutions Co,South,Enterprise,2020-01-23
C0762,Metro Consulting Inc,North,Enterprise,2021-09-20
C0763,Northwind Tech Holdings,East,Corporate,2024-11-18
C0764,Horizon Data Partners,West,Enterprise,2020-10-01
C0765,Metro Systems Inc,East,Enterprise,2023-04-08
C0766,Westbrook Business Co,East,Small Business,2024-08-23
C0767,Sunridge Global Co,West,Enterprise,2022-05-14
C0768,Westbrook Partners Co,West,Enterprise,2022-07-05
C0769,Horizon Systems Inc,South,Small Business,2022-08-04
C0770,Greenfield Tech Partners,East,Small Business,2023-10-16
C0771,Westbrook Systems Inc,West,Small Business,2024-11-23
C0772,Riverdale Business Partners,West,Corporate,2023-11-09
C0773,Bluewave Tech Partners,East,Enterprise,2023-07-20
C0774,Greenfield Global Ltd,South,Small Business,2020-09-02
C0775,Atlas Global Ltd,South,Enterprise,2023-03-25
C0776,Silverline Analytics Group,South,Enterprise,2023-11-09
C0777,Oakwood Business Group,East,Small Business,2023-04-13
C0778,Lakeside Global Co,South,Small Business,2020-05-26
C0779,Northwind Group Inc,East,Small Business,2022-12-10
C0780,Oakwood Business Partners,East,Small Business,2023-01-09
C0781,Greenfield Data Inc,North,Corporate,2022-05-18
C0782,Everest Tech Partners,North,Small Business,2024-02-10
C0783,Prime Systems Co,South,Enterprise,2022-11-17
C0784,Horizon Group Co,East,Enterprise,2024-02-27
C0785,Horizon Group Holdings,West,Enterprise,2020-06-05
C0786,Horizon Systems Ltd,East,Enterprise,2022-02-08
C0787,Bluewave Systems Group,South,Corporate,2022-03-17
C0788,Summit Enterprises Co,West,Enterprise,2023-02-14
C0789,Crescent Partners Co,South,Enterprise,2020-01-06
C0790,Crescent Global Group,South,Small Business,2024-03-08
C0791,Prime Systems Group,East,Corporate,2024-11-25
C0792,Atlas Partners Group,South,Corporate,2020-08-11
C0793,Everest Consulting Group,North,Corporate,2023-08-03
C0794,Harbor Tech Partners,South,Corporate,2023-02-04
C0795,Sunridge Global Inc,North,Small Business,2020-08-23
C0796,Horizon Global Co,North,Corporate,2024-03-07
C0797,Northwind Digital Ltd,East,Enterprise,2024-05-19
C0798,Greenfield Digital Holdings,South,Corporate,2024-10-20
C0799,Vertex Systems Partners,East,Enterprise,2022-06-19
C0800,Northwind Business Holdings,West,Enterprise,2024-12-05
C0801,Riverdale Digital Partners,West,Small Business,2021-11-08
C0802,Prime Data Holdings,East,Corporate,2024-07-07
C0803,Sterling Partners Inc,East,Enterprise,2021-02-10
C0804,Vertex Tech Ltd,West,Enterprise,2022-09-26
C0805,Westbrook Tech Ltd,South,Small Business,2024-08-17
C0806,Riverdale Enterprises Group,North,Corporate,2025-01-14
C0807,Northwind Data Group,North,Small Business,2022-08-24
C0808,Sterling Digital Ltd,South,Small Business,2021-05-23
C0809,Crescent Group Partners,West,Corporate,2022-10-03
C0810,Vertex Business Holdings,East,Enterprise,2021-09-29
C0811,Prime Consulting Co,East,Corporate,2025-02-24
C0812,Summit Partners Partners,South,Corporate,2021-06-19
C0813,Lakeside Systems Partners,East,Small Business,2020-09-23
C0814,Northwind Data Partners,West,Small Business,2020-09-21
C0815,Crescent Analytics Co,West,Enterprise,2020-02-26
C0816,Harbor Business Group,South,Enterprise,2020-08-07
C0817,Horizon Business Co,North,Small Business,2024-04-12
C0818,Riverdale Solutions Ltd,East,Corporate,2022-10-10
C0819,Horizon Partners Partners,West,Corporate,2020-05-27
C0820,Prime Consulting Inc,East,Enterprise,2022-12-11
C0821,Northwind Analytics Holdings,North,Corporate,2020-12-27
C0822,Silverline Solutions Inc,North,Small Business,2021-07-20
C0823,Metro Partners Ltd,West,Small Business,2023-12-10
C0824,Vertex Consulting Holdings,East,Small Business,2021-03-29
C0825,Crescent Digital Co,North,Corporate,2021-06-26
C0826,Prime Data Ltd,West,Enterprise,2024-04-22
C0827,Pinnacle Systems Holdings,South,Small Business,2021-06-12
C0828,Sunridge Global Partners,East,Enterprise,2021-12-19
C0829,Vertex Solutions Group,East,Small Business,2021-03-12
C0830,Greenfield Partners Partners,South,Small Business,2024-01-14
C0831,Northwind Partners Group,North,Enterprise,2020-12-10
C0832,Greenfield Solutions Co,South,Enterprise,2020-06-12
C0833,Vertex Consulting Inc,West,Small Business,2020-11-27
C0834,Horizon Consulting Partners,West,Enterprise,2022-11-06
C0835,Silverline Analytics Inc,South,Small Business,2024-09-23
C0836,Riverdale Analytics Inc,North,Small Business,2024-10-07
C0837,Bluewave Global Co,South,Corporate,2024-11-04
C0838,Metro Digital Group,East,Enterprise,2021-09-05
C0839,Sunridge Solutions Ltd,South,Small Business,2021-07-17
C0840,Northwind Consulting Partners,West,Small Business,2020-07-12
C0841,Harbor Enterprises Inc,West,Small Business,2023-11-11
C0842,Prime Digital Partners,South,Enterprise,2021-07-22
C0843,Westbrook Digital Partners,West,Corporate,2022-09-22
C0844,Summit Digital Ltd,North,Corporate,2020-01-10
C0845,Summit Systems Inc,North,Small Business,2020-11-17
C0846,Sterling Systems Holdings,North,Small Business,2022-08-03
C0847,Oakwood Data Inc,North,Small Business,2021-12-16
C0848,Sunridge Business Inc,North,Small Business,2024-03-05
C0849,Atlas Business Partners,West,Small Business,2023-03-12
C0850,Everest Solutions Co,West,Corporate,2020-04-15
C0851,Metro Group Group,East,Small Business,2021-12-27
C0852,Westbrook Group Co,South,Corporate,2023-11-30
C0853,Prime Consulting Holdings,South,Enterprise,2021-01-06
C0854,Crescent Analytics Group,North,Small Business,2024-03-19
C0855,Lakeside Digital Partners,East,Corporate,2020-04-29
C0856,Crescent Consulting Group,East,Small Business,2022-07-25
C0857,Greenfield Business Partners,North,Small Business,2020-07-26
C0858,Northwind Group Group,South,Small Business,2025-01-29
C0859,Horizon Partners Holdings,West,Small Business,2021-01-21
C0860,Westbrook Consulting Ltd,North,Small Business,2020-08-15
C0861,Oakwood Analytics Holdings,North,Corporate,2023-10-22
C0862,Metro Data Inc,West,Corporate,2024-12-06
C0863,Oakwood Global Holdings,North,Corporate,2020-10-03
C0864,Sunridge Analytics Ltd,West,Corporate,2021-01-27
C0865,Bluewave Partners Partners,South,Enterprise,2024-04-08
C0866,Summit Enterprises Group,South,Small Business,2023-07-28
C0867,Everest Group Ltd,West,Enterprise,2021-03-01
C0868,Everest Systems Inc,South,Corporate,2024-11-01
C0869,Westbrook Enterprises Co,East,Enterprise,2024-11-25
C0870,Harbor Systems Holdings,East,Corporate,2020-10-05
C0871,Westbrook Solutions Partners,West,Enterprise,2022-03-23
C0872,Greenfield Solutions Holdings,East,Small Business,2021-01-20
C0873,Silverline Enterprises Ltd,West,Corporate,2021-12-05
C0874,Harbor Digital Co,East,Small Business,2022-01-05
C0875,Summit Partners Co,South,Enterprise,2021-08-22
C0876,Sterling Enterprises Group,West,Enterprise,2021-03-15
C0877,Lakeside Solutions Ltd,South,Small Business,2024-09-15
C0878,Lakeside Solutions Group,West,Enterprise,2022-09-16
C0879,Northwind Digital Group,North,Small Business,2024-03-18
C0880,Horizon Tech Ltd,West,Small Business,2020-09-03
C0881,Prime Enterprises Partners,West,Small Business,2020-10-03
C0882,Westbrook Solutions Holdings,West,Corporate,2024-12-20
C0883,Silverline Solutions Group,West,Corporate,2022-05-10
C0884,Horizon Digital Partners,East,Corporate,2023-06-10
C0885,Silverline Consulting Co,South,Enterprise,2022-02-26
C0886,Lakeside Consulting Inc,South,Corporate,2021-11-26
C0887,Riverdale Partners Ltd,South,Enterprise,2021-11-30
C0888,Horizon Business Holdings,West,Corporate,2020-07-20
C0889,Everest Analytics Group,West,Small Business,2023-09-01
C0890,Northwind Tech Ltd,West,Enterprise,2022-11-17
C0891,Pinnacle Consulting Holdings,East,Small Business,2024-03-23
C0892,Pinnacle Global Ltd,North,Small Business,2020-10-15
C0893,Everest Data Holdings,East,Enterprise,2023-12-02
C0894,Riverdale Digital Ltd,North,Corporate,2024-10-26
C0895,Everest Systems Group,North,Small Business,2020-10-23
C0896,Prime Group Holdings,West,Enterprise,2024-02-11
C0897,Oakwood Systems Group,East,Small Business,2022-03-31
C0898,Greenfield Solutions Group,West,Enterprise,2021-07-01
C0899,Sunridge Data Group,South,Small Business,2020-02-22
C0900,Bluewave Analytics Holdings,North,Enterprise,2022-04-10
C0901,Harbor Partners Group,South,Small Business,2020-03-29
C0902,Westbrook Partners Group,East,Small Business,2020-09-28
C0903,Lakeside Tech Holdings,East,Enterprise,2020-01-17
C0904,Atlas Solutions Ltd,North,Enterprise,2020-10-03
C0905,Atlas Enterprises Partners,East,Enterprise,2024-04-12
C0906,Lakeside Systems Ltd,South,Corporate,2023-05-22
C0907,Prime Solutions Ltd,South,Corporate,2020-12-26
C0908,Greenfield Business Holdings,West,Small Business,2021-02-19
C0909,Summit Business Co,East,Enterprise,2023-05-18
C0910,Everest Enterprises Group,East,Enterprise,2024-11-18
C0911,Bluewave Global Inc,North,Small Business,2022-02-03
C0912,Vertex Digital Group,West,Enterprise,2022-08-11
C0913,Horizon Global Holdings,West,Small Business,2021-09-16
C0914,Atlas Systems Partners,West,Enterprise,2020-03-07
C0915,Harbor Global Partners,East,Corporate,2023-09-01
C0916,Harbor Solutions Co,East,Enterprise,2021-11-27
C0917,Sunridge Enterprises Inc,West,Small Business,2021-01-16
C0918,Riverdale Digital Group,West,Corporate,2021-01-12
C0919,Prime Systems Inc,East,Enterprise,2020-04-26
C0920,Bluewave Business Inc,East,Enterprise,2022-05-23
C0921,Vertex Partners Partners,North,Small Business,2024-10-07
C0922,Metro Tech Holdings,West,Corporate,2025-01-16
C0923,Lakeside Group Inc,North,Corporate,2022-10-22
C0924,Greenfield Consulting Group,East,Small Business,2024-05-04
C0925,Silverline Consulting Inc,North,Enterprise,2022-01-07
C0926,Vertex Consulting Ltd,West,Enterprise,2023-03-16
C0927,Crescent Consulting Partners,West,Corporate,2023-02-26
C0928,Greenfield Systems Co,West,Small Business,2022-07-11
C0929,Northwind Solutions Partners,South,Small Business,2024-06-02
C0930,Everest Digital Group,East,Small Business,2024-06-12
C0931,Riverdale Solutions Group,North,Enterprise,2021-04-24
C0932,Pinnacle Consulting Partners,West,Enterprise,2020-12-31
C0933,Sunridge Business Ltd,North,Enterprise,2024-11-11
C0934,Sunridge Systems Co,West,Enterprise,2020-06-29
C0935,Crescent Data Partners,North,Corporate,2023-05-29
C0936,Prime Business Co,South,Enterprise,2023-11-07
C0937,Lakeside Enterprises Inc,North,Small Business,2020-02-05
C0938,Northwind Systems Partners,North,Corporate,2021-04-28
C0939,Bluewave Solutions Co,North,Small Business,2023-08-07
C0940,Riverdale Global Holdings,North,Corporate,2024-09-27
C0941,Crescent Consulting Co,West,Small Business,2020-01-16
C0942,Crescent Business Partners,South,Corporate,2020-08-19
C0943,Bluewave Solutions Inc,North,Corporate,2020-04-29
C0944,Northwind Enterprises Inc,North,Enterprise,2023-06-05
C0945,Harbor Group Holdings,South,Corporate,2022-05-12
C0946,Vertex Tech Co,North,Small Business,2024-02-09
C0947,Pinnacle Systems Group,South,Enterprise,2021-05-31
C0948,Everest Digital Co,North,Small Business,2023-06-30
C0949,Prime Partners Holdings,West,Corporate,2021-02-05
C0950,Northwind Consulting Ltd,South,Enterprise,2023-07-07
C0951,Riverdale Consulting Ltd,East,Small Business,2021-07-01
C0952,Crescent Enterprises Co,West,Small Business,2021-08-15
C0953,Metro Consulting Group,North,Corporate,2020-03-16
C0954,Metro Data Co,North,Corporate,2022-11-26
C0955,Crescent Consulting Ltd,North,Small Business,2024-06-04
C0956,Silverline Digital Co,West,Small Business,2024-08-25
C0957,Harbor Enterprises Holdings,South,Small Business,2023-08-07
C0958,Sunridge Consulting Inc,East,Enterprise,2024-01-09
C0959,Sterling Consulting Group,West,Small Business,2023-01-31
C0960,Prime Solutions Co,North,Enterprise,2024-02-11
C0961,Silverline Solutions Ltd,South,Small Business,2022-01-05
C0962,Silverline Partners Ltd,North,Corporate,2021-02-16
C0963,Summit Systems Co,West,Small Business,2024-10-26
C0964,Bluewave Partners Holdings,West,Enterprise,2024-07-27
C0965,Atlas Global Group,South,Corporate,2024-05-20
C0966,Sterling Analytics Co,North,Corporate,2024-06-19
C0967,Northwind Systems Holdings,South,Enterprise,2022-01-24
C0968,Harbor Digital Inc,East,Corporate,2024-01-14
C0969,Horizon Solutions Group,South,Small Business,2021-11-02
C0970,Pinnacle Tech Holdings,West,Corporate,2021-08-18
C0971,Westbrook Partners Holdings,South,Corporate,2023-12-08
C0972,Northwind Solutions Inc,North,Small Business,2024-12-19
C0973,Greenfield Data Partners,West,Small Business,2020-10-15
C0974,Westbrook Group Group,North,Small Business,2022-10-24
C0975,Horizon Tech Group,South,Corporate,2020-11-04
C0976,Everest Group Inc,South,Corporate,2022-08-21
C0977,Crescent Tech Inc,West,Small Business,2022-12-11
C0978,Bluewave Consulting Ltd,East,Enterprise,2022-12-10
C0979,Silverline Data Holdings,West,Enterprise,2022-11-06
C0980,Everest Global Ltd,South,Corporate,2021-08-11
C0981,Oakwood Data Co,East,Corporate,2021-08-12
C0982,Greenfield Tech Inc,North,Corporate,2024-12-12
C0983,Prime Tech Holdings,West,Small Business,2023-08-07
C0984,Silverline Digital Group,South,Corporate,2021-10-19
C0985,Sterling Analytics Holdings,West,Enterprise,2023-11-21
C0986,Metro Data Ltd,East,Small Business,2020-01-26
C0987,Atlas Global Co,North,Small Business,2022-03-19
C0988,Bluewave Digital Partners,East,Small Business,2021-09-03
C0989,Summit Global Holdings,East,Corporate,2023-09-28
C0990,Greenfield Digital Partners,South,Corporate,2024-01-16
C0991,Riverdale Group Inc,West,Corporate,2021-09-24
C0992,Oakwood Solutions Partners,East,Corporate,2024-07-30
C0993,Oakwood Business Ltd,South,Corporate,2024-12-24
C0994,Atlas Systems Inc,West,Enterprise,2022-08-24
C0995,Oakwood Partners Group,North,Corporate,2022-04-09
C0996,Riverdale Tech Holdings,South,Enterprise,2020-06-10
C0997,Atlas Solutions Partners,West,Corporate,2022-11-17
C0998,Vertex Data Partners,North,Corporate,2020-01-24
C0999,Riverdale Tech Group,East,Enterprise,2023-05-18
C1000,Northwind Global Co,East,Small Business,2020-05-23
C1001,Everest Data Ltd,East,Enterprise,2023-10-21
C1002,Crescent Solutions Inc,West,Small Business,2022-02-28
C1003,Prime Business Group,South,Enterprise,2025-01-09
C1004,Riverdale Business Inc,East,Corporate,2022-05-26
C1005,Harbor Tech Ltd,North,Enterprise,2023-03-14
C1006,Oakwood Solutions Co,East,Small Business,2023-09-26
C1007,Riverdale Systems Holdings,West,Small Business,2020-08-19
C1008,Everest Consulting Co,East,Corporate,2022-10-19
C1009,Metro Data Holdings,North,Enterprise,2022-09-02
C1010,Greenfield Global Co,West,Enterprise,2024-06-05
C1011,Bluewave Systems Holdings,North,Small Business,2021-08-15
C1012,Greenfield Group Co,North,Enterprise,2022-05-16
C1013,Metro Partners Holdings,North,Enterprise,2022-08-21
C1014,Sunridge Solutions Partners,South,Enterprise,2021-04-07
C1015,Westbrook Solutions Inc,West,Small Business,2022-06-24
C1016,Riverdale Data Co,West,Small Business,2024-05-07
C1017,Oakwood Tech Ltd,West,Corporate,2022-05-27
C1018,Summit Group Holdings,North,Enterprise,2021-10-17
C1019,Greenfield Partners Co,North,Corporate,2021-02-22
C1020,Pinnacle Group Partners,South,Corporate,2023-08-29
C1021,Westbrook Global Co,East,Small Business,2021-11-19
C1022,Prime Global Partners,North,Enterprise,2021-12-23
C1023,Greenfield Solutions Ltd,South,Small Business,2021-04-18
C1024,Riverdale Group Holdings,North,Corporate,2020-08-03
C1025,Atlas Tech Inc,South,Small Business,2021-01-01
C1026,Summit Analytics Inc,North,Enterprise,2025-02-13
C1027,Greenfield Consulting Co,East,Small Business,2024-09-26
C1028,Greenfield Enterprises Co,South,Small Business,2023-02-03
C1029,Northwind Solutions Group,East,Enterprise,2022-03-23
C1030,Summit Data Group,East,Enterprise,2022-08-19
C1031,Horizon Solutions Holdings,North,Enterprise,2023-05-15
C1032,Oakwood Partners Holdings,West,Small Business,2020-05-12
C1033,Metro Partners Partners,West,Enterprise,2020-11-04
C1034,Harbor Systems Inc,South,Enterprise,2020-03-01
C1035,Oakwood Group Holdings,South,Small Business,2021-10-17
C1036,Bluewave Partners Group,North,Enterprise,2022-04-08
C1037,Lakeside Partners Ltd,West,Enterprise,2023-08-10
C1038,Metro Analytics Partners,West,Small Business,2023-04-01
C1039,Pinnacle Consulting Group,East,Enterprise,2022-10-11
C1040,Everest Global Inc,South,Small Business,2025-02-03
C1041,Pinnacle Business Ltd,South,Corporate,2020-08-18
C1042,Vertex Business Inc,South,Enterprise,2021-03-03
C1043,Metro Solutions Group,West,Small Business,2023-09-29
C1044,Lakeside Systems Co,South,Small Business,2020-10-20
C1045,Greenfield Consulting Partners,North,Corporate,2022-11-10
C1046,Crescent Enterprises Group,East,Small Business,2022-03-02
C1047,Riverdale Business Group,South,Small Business,2021-10-30
C1048,Vertex Partners Holdings,East,Corporate,2021-02-08
C1049,Pinnacle Business Co,South,Small Business,2024-08-26
C1050,Westbrook Systems Group,South,Enterprise,2023-07-27
C1051,Westbrook Systems Co,South,Small Business,2020-05-17
C1052,Silverline Global Ltd,West,Small Business,2020-05-06
C1053,Bluewave Enterprises Inc,North,Corporate,2020-02-19
C1054,Sunridge Systems Group,West,Small Business,2020-06-05
C1055,Westbrook Data Partners,West,Corporate,2024-11-29
C1056,Atlas Digital Holdings,West,Corporate,2020-10-31
C1057,Pinnacle Group Holdings,West,Small Business,2022-06-29
C1058,Prime Enterprises Inc,East,Enterprise,2023-06-14
C1059,Horizon Analytics Inc,North,Corporate,2021-07-19
C1060,Oakwood Systems Ltd,East,Small Business,2020-05-30
C1061,Prime Solutions Inc,East,Small Business,2025-01-27
C1062,Horizon Consulting Group,South,Small Business,2023-01-04
C1063,Silverline Digital Partners,East,Corporate,2024-05-06
C1064,Metro Global Inc,East,Enterprise,2022-07-26
C1065,Bluewave Partners Inc,East,Enterprise,2021-07-21
C1066,Oakwood Digital Partners,South,Corporate,2022-07-23
C1067,Summit Solutions Partners,East,Enterprise,2021-05-10
C1068,Everest Consulting Ltd,North,Enterprise,2023-01-11
C1069,Pinnacle Global Holdings,North,Corporate,2021-01-23
C1070,Horizon Consulting Inc,East,Small Business,2021-03-08
C1071,Horizon Analytics Group,West,Small Business,2024-02-23
C1072,Everest Business Co,North,Small Business,2021-07-09
C1073,Oakwood Digital Ltd,East,Enterprise,2023-01-28
C1074,Oakwood Group Inc,West,Small Business,2025-02-07
C1075,Atlas Data Inc,West,Enterprise,2023-10-16
C1076,Oakwood Partners Ltd,West,Enterprise,2024-05-25
C1077,Riverdale Tech Partners,North,Corporate,2022-10-31
C1078,Harbor Global Ltd,South,Corporate,2022-08-07
C1079,Atlas Group Partners,West,Enterprise,2020-09-06
C1080,Greenfield Group Ltd,South,Corporate,2023-09-09
C1081,Westbrook Business Holdings,East,Corporate,2020-09-23
C1082,Prime Business Inc,East,Enterprise,2020-08-30
C1083,Sterling Solutions Group,South,Enterprise,2020-02-22
C1084,Crescent Group Group,North,Small Business,2023-10-06
C1085,Atlas Global Partners,West,Small Business,2022-03-23
C1086,Lakeside Systems Inc,North,Enterprise,2022-08-02
C1087,Westbrook Tech Inc,North,Corporate,2020-10-07
C1088,Greenfield Digital Inc,South,Enterprise,2021-06-25
C1089,Summit Business Inc,North,Corporate,2020-10-07
C1090,Harbor Partners Partners,South,Small Business,2025-01-24
C1091,Crescent Business Inc,South,Enterprise,2024-12-03
C1092,Horizon Solutions Co,South,Enterprise,2023-05-09
C1093,Bluewave Partners Ltd,West,Enterprise,2020-02-05
C1094,Sterling Systems Ltd,South,Small Business,2024-06-29
C1095,Pinnacle Data Ltd,West,Enterprise,2022-04-18
C1096,Oakwood Analytics Ltd,South,Corporate,2022-12-12
C1097,Everest Digital Ltd,North,Small Business,2021-10-07
C1098,Pinnacle Data Group,West,Small Business,2020-01-20
C1099,Oakwood Business Co,North,Small Business,2023-12-06
C1100,Atlas Group Co,West,Small Business,2022-05-31
C1101,Atlas Group Holdings,West,Enterprise,2020-05-28
C1102,Bluewave Digital Co,North,Enterprise,2022-06-11
C1103,Atlas Enterprises Ltd,West,Corporate,2022-04-03
C1104,Oakwood Global Ltd,North,Small Business,2022-08-10
C1105,Atlas Business Co,West,Corporate,2021-07-21
C1106,Horizon Consulting Co,South,Enterprise,2024-10-03
C1107,Lakeside Enterprises Holdings,East,Corporate,2020-03-18
C1108,Atlas Digital Co,West,Enterprise,2020-07-17
C1109,Harbor Consulting Holdings,West,Small Business,2021-05-29
C1110,Westbrook Business Group,West,Small Business,2021-07-31
C1111,Everest Consulting Inc,North,Corporate,2024-04-04
C1112,Oakwood Business Holdings,East,Enterprise,2021-02-12
C1113,Westbrook Solutions Ltd,East,Enterprise,2022-10-07
C1114,Harbor Consulting Inc,West,Small Business,2022-08-09
C1115,Prime Digital Ltd,South,Enterprise,2022-04-14
C1116,Metro Digital Inc,North,Small Business,2021-04-08
C1117,Atlas Enterprises Co,West,Enterprise,2021-04-23
C1118,Atlas Digital Inc,East,Small Business,2021-03-16
C1119,Vertex Partners Inc,West,Enterprise,2020-04-04
C1120,Vertex Enterprises Co,West,Enterprise,2022-04-07
C1121,Prime Group Partners,North,Corporate,2021-04-22
C1122,Prime Systems Partners,South,Corporate,2021-08-08
C1123,Riverdale Analytics Ltd,South,Enterprise,2020-02-16
C1124,Everest Business Ltd,South,Corporate,2022-09-02
C1125,Prime Digital Group,East,Corporate,2023-10-30
C1126,Bluewave Solutions Ltd,North,Small Business,2021-04-21
C1127,Northwind Enterprises Partners,West,Corporate,2020-07-29
C1128,Sterling Consulting Co,East,Enterprise,2021-08-24
C1129,Bluewave Data Co,West,Enterprise,2022-02-10
C1130,Sterling Solutions Partners,South,Corporate,2020-10-16
C1131,Summit Data Holdings,North,Small Business,2025-02-14
C1132,Lakeside Data Ltd,South,Enterprise,2020-06-27
C1133,Lakeside Global Partners,East,Small Business,2023-08-09
C1134,Sunridge Consulting Co,South,Enterprise,2022-09-07
C1135,Horizon Business Ltd,North,Corporate,2022-04-14
C1136,Vertex Business Group,South,Corporate,2021-07-14
C1137,Sunridge Tech Holdings,South,Corporate,2024-12-25
C1138,Sterling Partners Group,West,Corporate,2022-04-07
C1139,Pinnacle Group Group,South,Corporate,2021-02-19
C1140,Pinnacle Systems Co,South,Enterprise,2023-09-02
C1141,Westbrook Business Ltd,South,Corporate,2022-09-19
C1142,Summit Data Partners,North,Small Business,2022-04-28
C1143,Everest Analytics Inc,South,Small Business,2021-01-25
C1144,Silverline Solutions Holdings,West,Small Business,2024-03-15
C1145,Sterling Systems Co,North,Corporate,2020-12-30
C1146,Horizon Global Partners,South,Enterprise,2022-02-21
C1147,Metro Partners Inc,West,Corporate,2024-12-15
C1148,Bluewave Tech Inc,South,Enterprise,2020-06-29
C1149,Lakeside Analytics Inc,South,Enterprise,2021-05-14
C1150,Sterling Tech Inc,South,Enterprise,2024-07-16
C1151,Westbrook Digital Group,West,Corporate,2023-01-27
C1152,Sterling Solutions Ltd,East,Corporate,2020-01-14
C1153,Vertex Partners Ltd,South,Enterprise,2022-05-24
C1154,Riverdale Digital Inc,West,Enterprise,2024-05-02
C1155,Prime Analytics Holdings,North,Small Business,2020-07-12
C1156,Prime Analytics Co,South,Small Business,2024-09-21
C1157,Northwind Partners Partners,South,Enterprise,2023-02-07
C1158,Prime Consulting Partners,North,Small Business,2022-05-08
C1159,Harbor Tech Holdings,South,Small Business,2022-01-01
C1160,Sterling Business Ltd,West,Corporate,2021-07-20
C1161,Pinnacle Solutions Partners,South,Enterprise,2020-07-04
C1162,Everest Systems Ltd,South,Corporate,2023-09-21
C1163,Greenfield Digital Co,West,Small Business,2020-11-27
C1164,Vertex Group Co,East,Corporate,2020-06-15
C1165,Greenfield Tech Ltd,West,Corporate,2020-01-06
C1166,Prime Analytics Partners,North,Enterprise,2023-02-08
C1167,Bluewave Systems Ltd,North,Enterprise,2022-10-31
C1168,Prime Group Inc,West,Corporate,2022-10-09
C1169,Pinnacle Analytics Group,South,Corporate,2021-03-09
C1170,Atlas Systems Ltd,East,Small Business,2020-06-01
C1171,Horizon Enterprises Holdings,East,Enterprise,2020-08-09
C1172,Metro Solutions Inc,East,Enterprise,2023-07-15
C1173,Sunridge Consulting Partners,East,Corporate,2021-01-24
C1174,Oakwood Group Partners,North,Corporate,2021-06-17
C1175,Bluewave Systems Partners,North,Small Business,2025-01-29
C1176,Everest Consulting Holdings,West,Enterprise,2022-06-25
C1177,Greenfield Systems Group,North,Enterprise,2023-07-30
C1178,Harbor Enterprises Group,West,Enterprise,2020-03-06
C1179,Greenfield Solutions Inc,East,Small Business,2024-04-28
C1180,Bluewave Business Group,North,Small Business,2024-10-04
C1181,Riverdale Global Partners,East,Corporate,2022-07-22
C1182,Sunridge Partners Group,South,Small Business,2023-07-23
C1183,Westbrook Analytics Co,East,Corporate,2021-10-29
C1184,Sterling Partners Ltd,South,Corporate,2020-06-08
C1185,Pinnacle Tech Ltd,East,Corporate,2020-03-24
C1186,Silverline Enterprises Group,West,Corporate,2022-08-12
C1187,Sunridge Business Co,North,Corporate,2024-08-16
C1188,Bluewave Digital Group,South,Enterprise,2022-12-27
C1189,Sterling Analytics Group,East,Enterprise,2022-05-15
C1190,Greenfield Enterprises Ltd,South,Corporate,2020-06-08
C1191,Atlas Analytics Holdings,North,Corporate,2020-01-28
C1192,Horizon Global Inc,East,Enterprise,2024-12-06
C1193,Prime Solutions Group,North,Small Business,2022-07-31
C1194,Sunridge Solutions Inc,South,Corporate,2020-12-28
C1195,Sunridge Partners Co,South,Small Business,2023-03-13
C1196,Horizon Enterprises Ltd,West,Small Business,2021-01-11
C1197,Silverline Group Inc,North,Small Business,2023-08-11
C1198,Harbor Analytics Inc,South,Enterprise,2024-09-21
C1199,Silverline Business Co,North,Enterprise,2021-04-15
C1200,Oakwood Solutions Inc,East,Corporate,2021-08-25
